maker,avg(screen)
A,15.233333269755045
B,13.300000190734863
E,17.833333333333332
F,14.75
G,15.399999618530273
